Nsta;2Mbps-MCS6;2Mbps-MCS9;5Mbps-MCS6;5Mbps-MCS9;8Mbps-MCS6;8Mbps-MCS9
1;69.01562771;76.60336665;35.82864257;41.1077079;24.19456975;28.09121056
4;49.22388791;57.80126564;23.55508894;28.63586241;15.47773917;19.02961411
7;38.2587107;46.42720348;16.26316707;20.34042757;13.81830848;15.65740396
10;27.44106477;34.56057262;15.50765116;17.55395139;;
13;26.44853542;33.31074182;;;;
16;22.80356;28.99070747;;;;
19;19.76033901;25.7628823;;;;
22;20.22872149;21.98869105;;;;